frame_nr;type;score;left;top;height;width
723;0;1.4742398649461534;6;6;88;59
724;0;1.196533718705919;37;13;73;49
725;0;1.2149300962693956;61;13;73;49
726;0;0.7223389536149767;83;16;87;59
727;0;0.9107835680253771;112;16;87;59
728;0;1.1553941160447863;141;16;87;58
729;0;1.2262593895204332;170;16;87;58
730;0;1.4753002315767076;192;19;105;70
731;0;1.0446387916810778;227;19;105;70
732;0;0.24740842878892694;161;-102;240;145
733;1;0.20234952413737428;294;54;97;40
17330;0;0.3918292909868029;102;16;87;59
17331;0;0.6126799970872667;131;16;87;59
17332;0;0.9300417095430162;160;16;87;59
17333;0;0.5766336709268358;181;8;105;70
17334;0;0.772581139207628;215;19;105;70
17335;0;0.6042924910791185;246;26;87;59
25243;0;1.476621666551378;6;6;88;59
25244;0;1.2447915464647081;26;6;88;58
25245;0;1.0672759205110338;45;6;88;58
25246;0;1.0623904854066637;74;6;88;58
25247;0;0.46290127337053094;93;16;87;58
25248;0;0.8883120208986071;121;16;87;59
25249;0;1.1524377256639269;150;16;87;59
25250;0;1.3765721708543566;179;16;87;59
25251;0;1.1859115749604967;192;19;105;70
25252;0;1.063830056787279;217;24;125;84
25253;0;0.6598663717515734;266;35;87;58
26300;0;1.3980935007341173;6;16;87;59
26301;0;1.020550289750841;26;16;87;58
26302;0;1.4359314829118517;54;16;87;59
26303;0;0.8862228780992296;74;16;87;58
26304;0;1.0795836836107042;102;16;87;59
26305;0;1.3299285560853746;131;16;87;59
26306;0;0.9358404070146349;160;26;87;59
26307;0;1.686744490266588;192;19;105;70
26308;0;1.0304038912065294;227;19;105;70
26309;0;0.48360041678025995;250;31;105;70
26310;1;0.19704560482203615;294;64;97;40
31308;0;0.20235822498872552;-19;13;73;57
31309;0;1.3179877191789415;5;13;73;49
31310;0;0.6681024223573473;13;13;73;49
31311;0;0.5398211270578173;29;13;73;49
31312;0;0.6310254722841051;45;13;73;49
31313;0;0.5083900481469896;54;16;87;59
31314;0;0.3408124238260058;65;8;105;71
31315;0;0.35832403004243646;93;16;87;58
31316;0;0.3149109274156359;100;8;105;70
31317;0;0.7203588873155382;131;16;87;59
31318;0;0.4811330229051379;150;16;87;59
31319;0;0.8594907909639147;170;16;87;58
31320;0;0.8265792518861559;181;19;105;70
31321;0;0.9770336538560656;204;19;105;70
31322;0;0.41547135412767205;217;24;125;84
31323;0;0.39047650396898065;238;31;105;70
31324;0;0.5293392330415514;250;42;105;70
31325;1;0.177018682596084;294;54;97;40
31326;0;0.31964830458238397;-19;13;73;57
31327;0;1.2158610016114977;5;13;73;49
31328;0;1.2019458204515245;6;6;88;59
31329;0;1.540105143190172;26;6;88;58
31330;0;0.8957913309343126;35;6;88;59
31331;0;1.5032488495118883;54;6;88;59
31332;0;1.3478575140245226;74;6;88;58
31333;0;1.1091169506318834;93;6;88;58
31334;0;0.9616476684816149;100;-15;116;70
31335;0;0.935670533777025;131;6;88;59
31336;0;0.8421029239900377;150;16;87;59
31337;0;1.2754410892732408;158;8;105;70
31338;0;1.415621557832506;181;8;105;70
31339;0;1.2881327062852648;204;8;105;70
31340;0;1.2041552454240587;215;19;105;70
31341;0;1.323429265619066;238;19;105;70
31342;0;0.502307930589464;261;19;105;70
31343;0;0.1981463819749621;285;37;73;49
45904;0;1.5271830946214464;141;16;87;58
45905;0;1.049341598153856;170;16;87;58
45906;0;1.1394482046373156;192;19;105;70
45907;0;1.046770730615404;227;19;105;70
45908;0;0.5574461609132555;266;35;87;58
46408;0;0.18790129721238885;-11;13;73;57
46409;0;1.1605515867479113;6;6;88;59
46410;0;0.7752764612443712;29;13;73;49
46411;0;0.887913981080797;45;6;88;58
46412;0;1.242888608575609;64;6;88;58
46413;0;0.8089101701982286;93;16;87;58
46414;0;1.1817460447557238;112;16;87;59
46415;0;0.7000342994935778;123;19;105;70
46416;0;0.7930318504579332;158;8;105;70
46417;0;1.2623440414674547;181;19;105;70
46418;0;1.4549992471940782;215;19;105;70
46419;0;0.9020631700761583;238;31;105;70
50451;0;0.5186663061387804;5;13;73;49
50452;0;0.7577255159623888;6;6;88;59
50453;0;0.8027422815568712;16;6;88;59
50454;0;0.5586101800210741;26;6;88;58
50455;0;0.7057283312089708;35;6;88;59
50456;0;0.5882126480348375;45;6;88;58
50457;0;0.7643442541368273;54;6;88;59
50458;0;0.48146394789293084;74;6;88;58
50459;0;0.711991825700548;83;6;88;59
50460;0;0.5613921672113207;93;6;88;58
50461;0;1.2861277252443102;5;21;73;49
50462;0;1.5619081646211412;6;16;87;59
50463;0;1.101667085290697;16;16;87;59
50464;0;0.708943524957445;26;16;87;58
50464;0;0.635865846277025;135;8;105;70
50465;0;1.0424440294511583;35;6;88;59
50466;0;1.1151047140367296;45;6;88;58
50467;0;1.0973798424012926;54;6;88;59
50468;0;1.0323238760240343;64;16;87;58
50468;0;0.8185116440065172;192;8;105;70
50469;0;1.0989859491594103;83;16;87;59
50469;0;0.9003851801164415;204;19;105;70
50470;0;1.284196415544298;93;16;87;58
50471;0;1.2685051351793077;102;16;87;59
50471;0;1.1180129438646105;238;19;105;70
50472;0;1.0864258199937609;250;19;105;70
50472;0;0.9937771946199205;112;16;87;59
50473;0;0.9361427217729357;112;8;105;70
50474;0;0.9647903829820421;123;8;105;70
50475;0;1.0464308649308947;135;8;105;70
50476;0;1.095301070810106;146;8;105;70
50477;0;1.3367331415422228;158;8;105;70
50478;0;1.2515331894166735;181;8;105;70
50479;0;1.3064349085099962;192;19;105;70
50480;0;1.636693039537218;204;19;105;70
50481;0;1.2474713712938097;215;19;105;70
50482;0;1.03017286360338;227;19;105;70
50483;0;0.7503689914949205;238;19;105;70
50484;0;0.7119199424989489;256;35;87;59
50485;0;0.29191050827577386;273;31;105;70
50486;1;0.2664559885233606;294;26;96;40
64356;0;0.41452215015962396;-19;13;73;57
64357;0;1.1022526413209703;5;13;73;49
64358;0;0.887209692598131;26;6;88;58
64359;0;1.187744656205919;45;6;88;58
64360;0;0.9687546879060533;64;6;88;58
64361;0;0.7780110031373766;77;8;105;70
64362;0;0.33768520653322015;100;8;105;70
64363;0;0.7730580955751207;131;16;87;59
64364;0;1.0818620115525988;150;16;87;59
64365;0;1.0010149866349962;179;16;87;59
64366;0;1.4923752933748033;204;19;105;70
64367;0;0.9642334371812609;227;19;105;70
64368;0;0.36392472088411126;250;31;105;70
64376;0;0.1296145111329821;-11;21;73;57
64377;0;1.4497002750642565;6;6;88;59
64378;0;1.2056334406144884;26;6;88;58
64379;0;1.012013831735399;53;13;73;49
64380;0;0.9386003404863146;74;6;88;58
64381;0;1.331310787797716;102;16;87;59
64382;0;1.2653829246766832;131;16;87;59
64383;0;1.030993142724779;160;16;87;59
64384;0;1.2919251114137438;181;19;105;70
64385;0;1.3279773384340074;215;19;105;70
64386;0;1.165414848924425;238;31;105;70
64387;0;0.22734937965944085;273;31;105;70
74347;0;0.4044899731881884;-22;6;88;68
74348;0;1.0531816869981554;5;13;73;49
74349;0;1.4424984842546251;6;6;88;59
74350;0;1.33559016287401;16;6;88;59
74351;0;1.0836851984269884;26;6;88;58
74352;0;1.0734277158983019;35;6;88;59
74353;0;0.9269607454545763;45;6;88;58
74354;0;0.7682347685106066;64;6;88;58
74355;0;1.19873074591234;74;6;88;58
74356;0;1.1563161998994615;83;6;88;59
74357;0;1.0036501079805162;102;6;88;59
74358;0;1.0570309549577501;112;16;87;59
74359;0;1.5191210895784166;121;16;87;59
74360;0;1.5025940328843859;141;16;87;58
74361;0;1.54060188829973;146;8;105;70
74362;0;1.211207905412462;158;8;105;70
74363;0;1.205208936334398;181;8;105;70
74364;0;1.2490817695863512;192;19;105;70
74365;0;1.5851935535676744;215;19;105;70
74366;0;1.848600187898424;227;19;105;70
74367;0;1.4966203361757067;6;6;88;59
74368;0;1.3570497423417833;29;13;73;49
74369;0;0.9624234825380114;35;6;88;59
74370;0;0.7451371341951158;54;6;88;59
74371;0;0.94080678522661;64;6;88;58
74372;0;0.8186848551042345;83;6;88;59
74373;0;1.1723795324571398;93;16;87;58
74374;0;1.4072448402650621;112;16;87;59
74375;0;1.1713287025697496;131;16;87;59
74376;0;1.3862947613008287;150;16;87;59
74377;0;1.3458799511201647;170;16;87;58
74378;0;1.2198729902513292;181;8;105;70
74379;0;1.556368866563585;192;19;105;70
74380;0;1.214643397928026;215;19;105;70
74381;0;1.3087945371873644;238;19;105;70
74382;0;1.1211471945054796;256;35;87;59
74383;0;0.37727574408128534;273;31;105;70
74499;0;0.1258231192834643;-19;13;73;57
74500;0;0.7698146492250231;-11;13;73;57
74501;0;1.3800413995988634;6;6;88;59
74502;0;1.1036166340120104;16;6;88;59
74503;0;0.6774970680482653;35;6;88;59
74504;0;0.8359301477678087;45;6;88;58
74505;0;1.1524486929185656;64;6;88;58
74506;0;1.0035839468248156;74;6;88;58
74507;0;1.2860191255815294;93;6;88;58
74508;0;1.1871344238527086;112;6;88;59
74509;0;0.8206169992692736;131;16;87;59
74510;0;0.770612636209276;150;16;87;59
74511;0;1.105922260881212;158;8;105;70
74512;0;1.135593333841112;179;16;87;59
74513;0;1.3774189144380358;192;19;105;70
74514;0;1.3210375696428087;215;19;105;70
74515;0;1.006169834733751;227;19;105;70
74516;0;0.5751576811082628;250;19;105;70
74517;1;0.15029005253016603;257;-102;264;96
76015;0;0.9592826753862169;5;13;73;49
76016;0;0.6128646522767809;16;6;88;59
76017;0;0.785244622827318;35;6;88;59
76018;0;0.5464296728379991;54;6;88;59
76019;0;0.6076937109239366;74;6;88;58
76020;0;0.35512910187318597;93;6;88;58
76021;0;0.25546214878633294;112;6;88;59
76022;0;0.45294288694932733;131;16;87;59
76023;0;0.36104301512315545;146;8;105;70
76024;0;0.7027986437089708;169;8;105;70
76025;0;0.5468387395150927;192;19;105;70
76026;0;0.8966882616288927;215;19;105;70
76027;0;0.7762611299760607;238;19;105;70
76028;0;0.5006888300187853;256;35;87;59
76029;1;0.13828090870082033;286;37;140;57
76073;0;1.2463820368058947;16;16;87;59
76074;0;1.0699093729265001;35;16;87;59
76075;0;1.0101232916124132;45;16;87;58
76076;0;0.6944374233491686;54;8;105;70
76077;0;1.008193293214586;74;16;87;58
76078;0;1.32404653132036;93;16;87;58
76079;0;1.2932072073228624;100;8;105;70
76080;0;1.351793089509752;123;8;105;70
76081;0;1.1113841921098497;135;8;105;70
76082;0;1.294469156862047;5;21;73;49
76083;0;1.2628791719682482;6;16;87;59
76084;0;1.4654940754182604;192;19;105;70
76084;0;1.348311701417711;26;16;87;58
76085;0;1.472416082025316;204;19;105;70
76085;0;1.1562077194459703;35;16;87;59
76086;0;1.470356026292589;227;19;105;70
76086;0;1.0546619087465074;54;16;87;59
76087;0;1.0825745254762438;250;19;105;70
76088;0;0.8943002611406115;256;45;87;59
76089;0;1.0434769779451158;89;19;105;70
76090;0;1.179930844903734;112;19;105;70
76091;0;1.3825772196061876;5;13;73;49
76092;0;1.471736469865587;146;19;105;70
76093;0;1.4888887792833116;158;19;105;70
76094;0;1.0285585314042833;181;19;105;70
76095;0;1.3270715862520006;192;31;105;70
76096;0;1.5997207552202013;215;31;105;70
76097;0;1.3151301532991198;74;6;88;58
76098;0;0.9345839411027697;250;42;105;70
76099;0;1.070469895005968;102;6;88;59
76100;0;0.9255428701646593;112;8;105;70
76101;0;1.0500702053315905;131;16;87;59
76102;0;0.9880423933275011;135;8;105;70
76103;0;1.313209334016588;160;16;87;59
76104;0;1.3990348964936998;169;8;105;70
76105;0;1.0473291069276598;192;19;105;70
76106;0;1.5515090614564684;204;19;105;70
76107;0;1.364639440179613;227;19;105;70
76108;0;1.4704658180482653;238;19;105;70
76109;0;0.564084807039049;256;35;87;59
76110;0;0.5282227188356188;275;35;87;59
76111;0;1.1400510460145739;74;6;88;58
76112;0;0.8702123552568224;93;6;88;58
76113;0;0.5950472742326525;121;6;88;59
76114;0;0.8558528810746935;150;16;87;59
76115;0;1.221567431093004;170;16;87;58
76116;0;1.0299452930696276;192;19;105;70
76117;0;0.9860467106111315;215;19;105;70
76118;0;0.8778790622957018;238;19;105;70
76119;1;0.1457514568537439;257;-102;264;96
76120;1;0.18668601953684938;294;26;96;40
101796;0;0.2919246941812304;-11;13;73;57
101797;0;1.0504777818925646;5;13;73;49
101798;0;1.0065781265504625;16;6;88;59
101799;0;0.6088955789811876;45;13;73;49
101800;0;0.540396788717058;54;6;88;59
101801;0;0.9648147016771105;83;6;88;59
101802;0;0.9925839096315172;102;6;88;59
101803;0;0.9420358330018785;131;16;87;59
101804;0;0.9937148481614855;150;16;87;59
101805;0;0.746639886499193;169;19;105;70
101806;0;0.774329939485338;192;19;105;70
101807;0;0.9998563915498522;227;19;105;70
101808;0;0.7028935343034532;256;26;87;59
101809;0;0.3439087659127978;275;35;87;59
102414;0;0.5743829995401171;-11;13;73;57
102415;0;1.577572265268114;6;6;88;59
102416;0;1.5139815002687242;29;13;73;49
102417;0;1.2209716230638292;45;6;88;58
102418;0;0.6913664728410509;64;6;88;58
102419;0;0.6571951299913195;83;16;87;59
102420;0;0.9778553634889391;102;16;87;59
102421;0;1.325784960389879;131;16;87;59
102422;0;1.4960207134492662;150;16;87;59
102423;0;1.3469443708665636;169;19;105;70
102424;0;1.72351364195421;192;19;105;70
102425;0;1.4723772197969225;227;19;105;70
102426;0;1.1742433696992662;256;35;87;59
103556;0;1.2454570919282701;5;13;73;49
103557;0;0.7525933176286486;26;6;88;58
103558;0;1.1155652195222643;61;13;73;49
103559;0;1.0673928648240831;83;16;87;59
103560;0;0.6549201399095324;121;16;87;59
104906;0;0.9800113826997545;26;6;88;58
104907;0;1.0858089119203356;54;6;88;59
104908;0;0.9865851789720324;83;16;87;59
104909;0;1.2762760311372545;112;16;87;59
104910;0;1.7076824098832872;141;16;87;58
104911;0;1.426550307870653;169;19;105;70
104912;0;1.1865885645158556;204;19;105;70
104913;0;1.0266157776124742;238;31;105;70
104914;0;0.1507879287011889;273;31;105;70
104943;0;1.3875189214952257;6;6;88;59
104944;0;1.2227687031038073;26;6;88;58
104945;0;0.6739906460054186;45;6;88;58
104946;0;0.6194489389665392;65;8;105;71
104947;0;1.1295652776963976;102;16;87;59
104948;0;1.17080585062578;131;16;87;59
104949;0;0.9030819326646593;160;16;87;59
104950;0;0.9227399021394518;181;19;105;70
104951;0;1.3126590639360216;215;19;105;70
104952;0;0.7829977661378649;238;31;105;70
104953;0;0.15236846506669793;273;31;105;70
105201;0;1.0004471927888658;93;16;87;58
105202;0;0.9690874010331896;112;16;87;59
105203;0;1.0875006109483507;141;16;87;58
105204;0;1.1761870771653917;169;19;105;70
105205;0;1.2933137804277208;204;19;105;70
105206;0;1.315349259973314;227;19;105;70
105207;0;0.6765036970384386;266;35;87;58
105221;0;1.2889614492662218;5;13;73;49
105222;0;0.942639151216295;16;6;88;59
105223;0;1.084123173356798;45;6;88;58
105224;0;0.9429663807161119;64;6;88;58
105225;0;0.8841652065522936;93;6;88;58
105226;0;1.2241574913270739;121;16;87;59
105227;0;1.3373525530107286;150;16;87;59
105228;0;1.2895578533418444;179;16;87;59
105229;0;1.2466816097505358;204;19;105;70
105230;0;0.8812593609102037;227;19;105;70
105231;0;0.2789206296212939;261;31;105;70
113576;0;1.030495801568773;74;6;88;58
113577;0;1.200382390619066;93;6;88;58
113578;0;0.8964457899339464;112;8;105;70
113579;0;0.9384190231569078;135;8;105;70
113580;0;0.6474980503328112;170;16;87;58
113581;0;1.0640705019243029;192;19;105;70
113582;0;1.1604220062501696;227;19;105;70
113583;0;0.5517973095186022;250;19;105;70
115378;0;1.7013359457261827;6;6;88;59
115379;0;1.2696717172868517;26;6;88;58
115380;0;1.0327439695604113;53;13;73;49
115381;0;0.82715932428911;74;16;87;58
115382;0;0.7351156860597399;102;16;87;59
115383;0;1.042042055726793;121;16;87;59
115384;0;1.6276164442308214;150;16;87;59
115385;0;1.1201546579606798;179;16;87;59
115386;0;1.502668300271776;204;19;105;70
115387;0;0.6960524708040026;217;24;125;84
115388;0;0.8502256065614489;5;5;73;49
115389;0;1.121198812127855;16;6;88;59
115389;1;0.22743097984492433;24;-59;153;56
115390;0;0.7589503914125231;35;6;88;59
115391;0;0.41899708807542596;54;6;88;59
115392;0;0.46168784201219354;83;6;88;59
115393;0;0.884933868051317;102;16;87;59
115394;0;0.8684837013490465;121;16;87;59
115395;0;0.9623092800386217;150;16;87;59
115396;0;0.9692707449205187;179;16;87;59
115397;0;1.0393158584840563;204;19;105;70
115398;0;0.8439183622606066;217;24;125;84
115399;0;0.4658054500825671;250;31;105;70
115400;0;0.2667826205499438;285;45;73;49
115440;0;0.3137048274286059;-11;13;73;57
115441;0;1.2121006637819078;6;6;88;59
115442;0;0.9172274261720446;26;6;88;58
115443;0;1.0540388017900255;45;6;88;58
115444;0;1.3628230482347277;64;6;88;58
115445;0;1.1997552305467394;83;16;87;59
115446;0;1.3592019468553331;112;16;87;59
115447;0;1.2774627596147325;131;16;87;59
115448;0;1.1774439007051256;158;19;105;70
115449;0;1.2966283947236803;181;19;105;70
115450;0;1.4745457559831407;215;19;105;70
115451;0;1.271327534318712;238;31;105;70
115452;0;0.752958098054674;121;16;87;59
115453;0;0.7648045212037828;135;19;105;70
115454;0;0.9788701921708849;169;19;105;70
115455;0;1.3634119421251085;198;26;87;59
115456;0;1.095003882051256;215;19;105;70
115457;0;1.2045398145921495;256;35;87;59
115458;0;0.3230609089143542;275;45;87;59
117768;0;0.43521598875596795;-11;13;73;57
117769;0;1.3343968778856066;13;13;73;49
117770;0;0.8215074926622179;37;13;73;49
117771;0;1.218179979921129;54;16;87;59
117772;0;0.8906138330705431;74;16;87;58
117773;0;1.3868565946824816;102;16;87;59
117774;0;1.5878888756044176;131;16;87;59
117775;0;1.3746357351548937;160;26;87;59
117776;0;1.2324074894197252;189;26;87;58
117777;0;1.0734774261720446;215;19;105;70
117778;0;1.0202020794160631;256;35;87;59
117779;0;0.1196677476175097;285;53;73;49
121606;0;0.7492202907808092;-11;13;73;57
121607;0;0.8164890199907091;6;16;87;59
121608;0;0.8814393669374254;26;16;87;58
121609;0;1.144618549943712;45;16;87;58
121610;0;1.6751273065812853;64;16;87;58
121611;0;1.0940670162446764;93;16;87;58
121612;0;0.8865449815995958;112;16;87;59
121613;0;1.028018870950487;131;16;87;59
121614;0;1.6026047855623033;158;19;105;70
121615;0;1.6227076441056993;181;19;105;70
121616;0;1.7254603296525743;204;19;105;70
121617;0;1.5628505140550402;238;31;105;70
121618;0;0.5961826831109789;256;45;87;59
121619;1;0.14667854749858034;294;45;97;40
121635;0;1.3331741482026842;6;16;87;59
121636;0;0.7086353689439562;37;21;73;49
121637;0;1.2236417919404772;54;16;87;59
121638;0;1.642257013917711;83;16;87;59
121639;0;1.4354503542192247;112;16;87;59
121640;0;1.3955661445863512;141;16;87;58
121641;0;1.351680317521837;169;19;105;70
121642;0;1.184636393190172;192;19;105;70
121643;0;0.9458295494325426;237;35;87;58
121644;0;0.532118299604204;266;45;87;58
121645;1;0.2625809713572229;301;69;81;33
121653;0;1.0611310392625597;5;13;73;49
121654;0;0.5940970569856432;19;8;105;71
121655;0;0.41656277477815423;45;6;88;58
121656;0;0.9878410488374498;74;16;87;58
121657;0;0.8403098970659044;102;16;87;59
121658;0;0.8525567442186144;121;16;87;59
121659;0;0.6245274931199816;146;8;105;70
121660;0;1.2196501880891588;181;19;105;70
121661;0;1.2213979154832628;204;19;105;70
121662;0;0.7637460619218615;238;31;105;70
126985;0;1.057461181283739;5;21;73;49
126986;0;1.040186086297777;13;21;73;49
126987;0;0.9884778648622301;37;21;73;49
126988;0;1.2001216799028185;53;13;73;49
126989;0;1.0277611404664782;64;16;87;58
126990;0;1.1033522278077867;93;16;87;58
126991;0;1.476089873910692;112;16;87;59
126992;0;1.4953288227327135;141;16;87;58
126993;0;0.8467631727464464;160;16;87;59
126994;0;1.2584352880723741;181;19;105;70
126995;0;1.2942289501436022;204;19;105;70
126996;0;0.987678328157213;238;31;105;70
126997;0;0.7511059433229235;266;35;87;58
126998;0;0.2514099866159228;285;53;73;49
128176;0;0.2654851466424731;-11;13;73;57
128177;0;1.125329056382921;6;6;88;59
128178;0;0.7222676664598253;26;6;88;58
128179;0;0.7344702869661119;45;16;87;58
128180;0;1.0851481348283556;74;16;87;58
128181;0;1.1634992748506334;102;16;87;59
128182;0;1.4428400188691881;123;8;105;70
128183;0;0.6572454363115099;146;19;105;70
128184;0;1.195572057367113;181;19;105;70
128185;0;0.9374549776323107;204;19;105;70
128186;0;1.0732006222017076;238;31;105;70
128187;0;0.4389908105142382;273;31;105;70
128218;0;1.803115168214586;5;13;73;49
128219;0;0.7702325969941881;29;13;73;49
128220;0;0.9769205242402819;45;6;88;58
128221;0;1.0949321180589464;74;6;88;58
128222;0;1.2273548036821154;102;16;87;59
128223;0;1.5617844253785875;131;16;87;59
128224;0;1.3023664146669176;160;16;87;59
128225;0;1.3361342340715197;192;19;105;70
128226;0;0.9392333418138292;227;19;105;70
128227;0;0.390986719728258;256;45;87;59
134673;1;0.1552429004877771;141;37;81;33
134674;1;0.5115777059763635;149;37;81;33
134677;1;0.3108989998072351;-19;13;81;41
134678;1;0.37762437307536256;-19;13;81;41
134679;1;0.2365022703379358;-27;-38;128;59
134680;1;0.17734430277049196;-32;-59;153;70
134681;1;0.45001862489878786;5;13;81;33
134682;1;0.6770278021067346;5;13;81;33
134683;1;0.8190885587900842;5;13;81;33
134684;1;0.29814718210398805;13;13;81;33
134685;1;0.6116055055826868;13;21;81;33
134686;1;0.19246004068553102;181;37;81;33
134688;1;0.2510790630549158;10;-59;153;56
134689;1;0.17560843670069826;10;-59;153;56
134690;1;0.26254646026789796;10;-59;153;56
134691;0;0.3747658520944384;8;8;105;70
134692;0;0.27646616995408807;8;8;105;70
134693;0;0.41583631336763177;8;8;105;70
134694;0;0.4075839310891894;10;10;125;84
134695;1;0.1567450567454065;29;-71;184;67
134696;1;0.3224090143412317;45;16;97;39
134697;1;0.1986810966700281;45;-71;184;68
134698;1;0.22119543993174684;54;16;97;40
134700;1;0.6073893114298548;64;16;97;39
134701;1;0.5326657100886072;64;16;97;39
134702;1;0.6418528362482752;74;16;97;39
134703;1;0.32554737770259035;74;16;97;39
134704;1;0.6875456377238001;83;16;97;39
134705;1;0.26778505289256227;93;16;97;39
134706;1;0.9142830177515711;93;16;97;39
134707;1;0.7086692854136194;93;26;96;39
134708;1;0.8204700752466882;102;16;97;40
134709;1;0.13927773678004396;102;26;96;40
134710;1;0.495014767286178;112;16;97;39
134711;0;0.5826105266816881;109;5;73;49
134712;1;0.5904296442240442;121;26;96;40
134713;1;0.3878256484240259;121;26;96;40
134714;1;0.5900649830073084;131;26;96;40
134715;1;0.41261015379130495;135;19;117;47
134716;1;0.38009343588053834;141;26;96;39
134717;1;0.48978887045085084;146;19;117;47
134718;1;0.4767742558687891;150;26;96;40
134719;0;0.2627244383104113;134;10;125;84
134720;0;0.24169246256425653;134;10;125;84
134721;0;0.48099354803636346;148;10;125;84
134722;0;0.4508777052171496;148;10;125;84
134723;0;0.10653559267595086;79;-122;288;173
134724;0;0.12383959591462884;108;-122;288;173
134726;0;0.15342489779069696;108;-122;288;173
134727;1;0.23215077364146364;218;35;97;39
134728;0;0.23120723068788324;108;-122;288;173
134729;1;0.4218512579172815;189;26;96;39
134730;1;0.859129290220138;198;26;96;40
134731;1;0.7447050615519251;198;26;96;40
134732;1;0.1331428691118921;208;26;96;39
134733;1;0.363512138959762;208;26;96;39
134734;1;0.1935574814051355;218;26;96;39
134735;1;0.2760082884997095;218;26;96;39
134736;1;1.3121610685557092;237;35;97;39
134736;0;0.5656967550523546;231;24;125;84
134737;1;1.6072436376780237;246;35;97;40
134737;0;0.6168867737062242;231;24;125;84
134738;1;1.6183355852335657;246;35;97;40
134738;0;0.6820396572358873;231;24;125;84
134739;1;0.45709172928034913;246;35;97;40
134740;1;0.24183313095271242;250;31;116;47
134741;1;0.17109576904475343;257;-102;264;96
134742;1;0.3157588049143518;257;-102;264;96
134743;1;0.3120137258738245;266;45;97;39
134744;1;0.27627048933207643;266;45;97;39
134745;1;0.6128350301951135;275;45;97;40
134746;1;0.728218416807052;275;45;97;40
134747;1;0.2791149421900476;275;54;97;40
134748;1;0.2172314330309595;277;29;166;68
134749;1;0.5767682596415247;294;45;97;40
134750;1;0.558390478727218;294;54;97;40
134751;1;0.6484668060511316;294;64;97;40
134752;1;0.5986511512964929;294;74;97;40
135219;0;0.7193986564882067;5;13;73;49
135220;0;1.363241949678209;6;6;88;59
135221;0;0.8971107393510607;16;6;88;59
135222;0;1.065901795030382;35;6;88;59
135223;0;1.0322086006410387;54;6;88;59
135224;0;0.8693542867906359;64;16;87;58
135225;0;0.9181875377900865;83;16;87;59
135226;0;0.9175491720445421;102;16;87;59
135227;0;0.7379551321275499;121;16;87;59
135228;0;0.7698443323381212;135;8;105;70
135229;0;0.7939064890153673;158;19;105;70
135230;0;1.2047094494111803;181;19;105;70
135231;0;1.2912605196244982;204;19;105;70
135232;0;1.0381491571672228;227;19;105;70
135304;0;0.12160042822435174;-19;13;73;57
135305;0;0.7178365379579332;5;13;73;49
135306;0;0.8869824796922472;6;6;88;59
135307;0;0.3924867302186755;26;6;88;58
135308;0;0.5671894341714647;45;6;88;58
135309;0;0.8062880426652697;54;16;87;59
135310;0;0.4281508117921618;65;8;105;71
135311;0;0.5923697143800524;102;16;87;59
135312;0;0.4619452148683337;112;8;105;70
135313;0;0.8522521644838121;135;8;105;70
135314;0;0.9609053522355822;158;19;105;70
135315;0;0.99751905500963;181;19;105;70
135316;0;1.0445720344789293;204;19;105;70
135317;0;0.9444947630174425;227;19;105;70
135318;0;0.5988943368203905;250;31;105;70
135319;0;0.4840156227357653;273;31;105;70
135895;1;0.1086321874827112;285;77;81;33
135896;0;0.6337594181306627;256;102;88;59
135897;0;0.15146575272157464;238;89;104;70
135898;0;0.5794424206025865;227;89;104;70
135899;1;0.27199480974375856;294;74;97;40
135900;1;0.6608083053797449;301;69;81;33
135901;1;0.3217599793642725;286;37;140;57
135901;0;0.3106307774789599;192;77;105;70
135902;0;0.46646449863984857;269;77;73;49
135902;1;0.2223050996035303;284;31;116;47
135903;0;0.24042222797944818;259;24;125;84
135903;0;0.1298405319459704;169;65;105;70
135904;0;0.47009883225038324;269;21;73;49
135904;0;0.21961496174409662;158;65;105;70
135905;0;0.33417979776933465;269;21;73;49
135906;0;0.3807320982225207;161;-102;240;145
135907;0;0.37101958096101556;238;19;105;70
135908;0;0.6959712892778185;227;19;105;70
135909;0;0.8435207992799547;217;10;125;84
135910;0;0.7637992292650011;215;19;105;70
135911;0;0.6178653627641466;204;19;105;70
135912;0;0.5197676807649401;192;19;105;70
135913;0;0.6275997549302843;192;19;105;70
135914;0;0.3450526386506823;176;10;125;84
135915;1;0.26641515934168947;178;-71;184;67
135916;0;0.3918935447938708;169;19;105;70
135917;0;0.3106886535890368;158;19;105;70
135918;0;0.44991890490129266;148;10;125;84
135919;1;0.25494323217570436;145;-71;184;67
135920;1;0.3023155733317102;145;-71;184;67
135922;0;0.3249420911081103;123;8;105;70
135923;0;0.1153449207551745;42;-102;240;144
135924;1;0.17306343757807863;112;-71;184;67
135925;1;0.2219744726389612;112;-71;184;67
135927;1;0.31233594858348024;95;-71;184;67
135928;1;0.21470491134822023;95;-71;184;67
135929;0;0.16593364775254998;18;-102;240;144
135930;0;0.13010249435975824;18;-102;240;144
135932;0;0.13983366787507806;15;-85;200;120
135933;1;0.41703132831751955;85;21;81;33
135934;1;0.6773025795191492;85;21;81;33
135935;1;0.2778400584429468;77;21;81;33
135938;0;0.13653300106599603;19;8;105;71
135939;0;0.22934506237581048;10;10;125;84
135940;0;0.13511476814821038;10;-46;140;84
135941;0;0.1813345938928393;8;8;105;70
135942;0;0.3607490450151232;8;8;105;70
135943;0;0.19715229570939813;8;8;105;70
135946;1;0.23479781591593873;13;13;81;33
135947;1;0.18598757230937135;13;21;81;33
135948;1;0.37164364301859987;5;21;81;33
135949;1;0.13623426401316774;-32;-46;154;70
135950;1;0.34715763771235597;-19;21;81;41
135951;1;0.3492855831354822;-19;21;81;41
135952;1;0.4836483999460901;-19;13;81;41
153236;0;0.3758308678872851;-11;13;73;57
153237;0;0.6927825599916246;6;16;87;59
153238;0;0.2881246000535754;35;6;88;59
153239;0;0.8693066030748156;54;6;88;59
153240;0;1.0160310655839708;83;16;87;59
153241;0;1.2754228502519396;102;16;87;59
153242;0;0.637243667245653;131;16;87;59
153243;0;0.6701339870698717;146;19;105;70
153244;0;1.0987672001130846;181;19;105;70
153245;0;0.9880822092302111;218;26;87;58
153246;0;0.8694758802659777;238;31;105;70
153247;0;0.37707034647538934;266;54;88;58
